{"_wandb":{"runtime":2225},"current_val_accuracy":0.7696871737502253,"_timestamp":1.76631338404006e+09,"current_loss_val":1.0014607058214962,"_runtime":2225,"current_test_accuracy":0.7758277743761717,"current_round":99,"current_loss_test":0.9986758729862293,"current_loss_train":0.638623725683572,"_step":99}