{"current_loss_val":1.96934387120543,"current_test_accuracy":0.4562318509495506,"current_round":99,"_timestamp":1.766279827037794e+09,"current_val_accuracy":0.44587501081980074,"_wandb":{"runtime":721},"_step":99,"current_loss_test":2.028754323001069,"_runtime":721,"current_loss_train":0.8355806027528849}