{"_wandb":{"runtime":458},"_timestamp":1.7669596516928298e+09,"current_loss_test":1.9338152986584287,"_step":99,"current_val_accuracy":0.43885858175247766,"_runtime":458,"current_test_accuracy":0.41812602138077554,"current_loss_val":1.8623862099008808,"current_round":99,"current_loss_train":0.3812834477942923}