{"_runtime":291,"_timestamp":1.7669562698018508e+09,"current_loss_val":1.6082272192992662,"current_test_accuracy":0.31762328537020307,"current_val_accuracy":0.321304387683096,"current_loss_test":1.6717844524352174,"_wandb":{"runtime":291},"_step":99,"current_round":99,"current_loss_train":0.9560820510277622}