{"current_loss_val":1.22801586185664,"current_test_accuracy":0.6591482101663277,"current_val_accuracy":0.6566906096791746,"current_round":99,"_wandb":{"runtime":344},"_runtime":344,"current_loss_train":0.019824793927879853,"_timestamp":1.766955723576257e+09,"_step":99,"current_loss_test":1.1817501474508911}