{"current_loss_test":1.5857083699734587,"_step":99,"_wandb":{"runtime":25},"current_loss_val":1.537236826843337,"current_val_accuracy":0.3202863750295974,"current_loss_train":1.0095606637393173,"current_test_accuracy":0.32966752649948405,"_timestamp":1.766269751937786e+09,"_runtime":25,"current_round":99}