{"_wandb":{"runtime":54},"_step":99,"current_loss_val":0.6231346169292684,"current_test_accuracy":0.8207081470160836,"current_loss_test":0.6209664553763597,"current_round":99,"_timestamp":1.7663571476181765e+09,"current_loss_train":0.09866873259477885,"current_val_accuracy":0.8292106356512187,"_runtime":54}