{"_timestamp":1.7669977547352083e+09,"_runtime":262,"current_val_accuracy":0.16256858939019633,"_step":7,"current_loss_train":1.9578727628138781,"current_round":7,"current_loss_test":1.9547974300877557,"_wandb":{"runtime":262},"current_test_accuracy":0.1400901677173065,"current_loss_val":1.95031328492714}