{"current_test_accuracy":0.6591687644095006,"current_round":99,"_wandb":{"runtime":16},"_runtime":16,"current_loss_val":1.1688812377039361,"_step":99,"current_loss_test":1.1482990473499877,"current_val_accuracy":0.6581946716248199,"_timestamp":1.7669487501281135e+09,"current_loss_train":0.026502439835079983}