{"current_loss_val":1.4862478725376882,"current_test_accuracy":0.37614101432672853,"current_val_accuracy":0.34488864691760485,"current_round":99,"_runtime":191,"current_loss_test":1.4235528219844165,"current_loss_train":0.8733309284636849,"_step":99,"_timestamp":1.7662702744870865e+09,"_wandb":{"runtime":191}}