{"current_test_accuracy":0.1293126529644843,"current_round":19,"_wandb":{"runtime":158},"_step":19,"_runtime":158,"current_loss_train":1.962842362229898,"current_loss_val":1.958775713489538,"_timestamp":1.7669502576570618e+09,"current_loss_test":1.9610223722598754,"current_val_accuracy":0.1483151261118019}