{"current_loss_val":1.181986009390246,"_wandb":{"runtime":30},"_runtime":30,"current_test_accuracy":0.6457939258570552,"_step":99,"current_val_accuracy":0.6556948507656163,"current_loss_test":1.2152801162672717,"current_loss_train":0.034395886344937614,"_timestamp":1.766948967055894e+09,"current_round":99}