{"current_loss_test":1.80461503085621,"current_test_accuracy":0.48198816510549586,"current_round":99,"current_loss_train":0.48508080577033624,"_step":99,"current_loss_val":1.7991871640616255,"_timestamp":1.7669488403281047e+09,"_runtime":15,"current_val_accuracy":0.480802418002692,"_wandb":{"runtime":15}}