{"current_loss_test":2.7786963363985877,"current_round":99,"current_test_accuracy":0.4497302711931183,"_step":99,"_timestamp":1.7662790933455644e+09,"_wandb":{"runtime":621},"current_loss_train":1.3787179004742904,"_runtime":621,"current_val_accuracy":0.43951314779846934,"current_loss_val":2.5636276584159505}