{"_runtime":1508,"current_test_accuracy":0.7969930954195793,"_wandb":{"runtime":1508},"current_val_accuracy":0.7999367958087337,"current_round":99,"current_loss_val":1.1160248004207782,"current_loss_train":0.6644398415479603,"_step":99,"current_loss_test":1.108639663669382,"_timestamp":1.7663111471756797e+09}