{"current_round":99,"_step":99,"_wandb":{"runtime":230},"_runtime":230,"current_loss_val":0.38788058002846243,"current_loss_train":0.23910910220107365,"current_loss_test":0.3823325133196098,"_timestamp":1.7669559660162702e+09,"current_val_accuracy":0.8530512663492856,"current_test_accuracy":0.8572169718052481}