{"current_val_accuracy":0.8410045595508503,"current_test_accuracy":0.8343415796676565,"_step":99,"_wandb":{"runtime":112},"current_loss_val":193.56768304959087,"_runtime":112,"current_loss_train":193.0983413887135,"_timestamp":1.7663553684127934e+09,"current_loss_test":193.56856385076233,"current_round":99}