{"_timestamp":1.766285994247267e+09,"_runtime":5064,"current_val_accuracy":0.48490593189222203,"current_test_accuracy":0.4862616693790001,"_wandb":{"runtime":5064},"current_loss_train":0.530914444095166,"current_loss_test":1.7354192941608688,"current_round":99,"current_loss_val":1.7243680922043758,"_step":99}