{"current_test_accuracy":0.34687387219679655,"_timestamp":1.766959180128562e+09,"current_loss_val":1.5734165792402468,"_step":99,"_wandb":{"runtime":468},"_runtime":468,"current_val_accuracy":0.3327865343599454,"current_loss_test":1.5013032549619674,"current_round":99,"current_loss_train":1.0164194997909821}