{"current_test_accuracy":0.8003625368047411,"current_loss_train":0.6003018034629658,"current_val_accuracy":0.8009114416521866,"current_round":99,"_step":99,"current_loss_test":0.7234422847273184,"_timestamp":1.7663096236202147e+09,"_wandb":{"runtime":1319},"_runtime":1319,"current_loss_val":0.7190027946629033}