{"current_round":99,"_runtime":15,"current_loss_train":1.0053841202980593,"current_test_accuracy":0.3307142314614918,"_step":99,"current_val_accuracy":0.3260714759491937,"_wandb":{"runtime":15},"current_loss_val":1.5295609548687934,"_timestamp":1.7669488114493492e+09,"current_loss_test":1.5810501294700723}