{"_wandb":{"runtime":813},"_step":99,"current_loss_test":1.5068884222601588,"current_loss_val":1.525155650863522,"_runtime":813,"current_round":99,"current_loss_train":0.9961319809603064,"current_test_accuracy":0.3503838214140261,"current_val_accuracy":0.3361455719073464,"_timestamp":1.7669641920230515e+09}