{"_wandb":{"runtime":55},"_step":99,"_runtime":55,"current_loss_train":477.7329926622715,"current_loss_test":479.18590322166983,"current_loss_val":479.03010309124704,"current_round":99,"current_test_accuracy":0.42680428915933716,"current_val_accuracy":0.46050148354816917,"_timestamp":1.7663070783967035e+09}