{"_step":99,"current_test_accuracy":0.49490904514450357,"current_loss_train":477.54941199314817,"_runtime":34,"current_loss_test":479.2883940082294,"current_loss_val":479.3235366814588,"_wandb":{"runtime":34},"current_val_accuracy":0.4972889066269529,"_timestamp":1.7663070111585164e+09,"current_round":99}