{"current_loss_val":0.6267045288606221,"current_loss_test":0.6223567539068625,"_timestamp":1.766949577939123e+09,"_wandb":{"runtime":63},"current_val_accuracy":0.82612002971656,"current_test_accuracy":0.8174817557370566,"current_loss_train":0.09271851710708613,"_step":99,"current_round":99,"_runtime":63}