{"current_val_accuracy":0.4068800611947519,"current_loss_val":1.4152365966381397,"current_test_accuracy":0.38885742676754287,"_timestamp":1.7669480748096151e+09,"_runtime":246,"_step":99,"current_loss_test":1.3940032691247746,"current_loss_train":1.0223157291722287,"_wandb":{"runtime":246},"current_round":99}