{"_runtime":131,"current_val_accuracy":0.1483151261118019,"_timestamp":1.7669496769579303e+09,"current_test_accuracy":0.1293126529644843,"current_loss_train":1.962842362229898,"current_loss_test":1.9610223722598754,"_step":0,"current_loss_val":1.958775713489538,"_wandb":{"runtime":131},"current_round":0}