{"_timestamp":1.7663076134266813e+09,"current_round":99,"current_val_accuracy":0.5217599440664609,"_runtime":169,"current_test_accuracy":0.507635072968296,"_wandb":{"runtime":169},"current_loss_test":1.510588203756025,"current_loss_train":0.1364483986349288,"_step":99,"current_loss_val":1.4660290502172109}