{"current_loss_test":1.9610223722598754,"_timestamp":1.7669499804135628e+09,"current_loss_val":1.958775713489538,"_step":0,"_wandb":{"runtime":121},"current_loss_train":1.962842362229898,"current_round":0,"current_val_accuracy":0.1483151261118019,"current_test_accuracy":0.1293126529644843,"_runtime":121}