{"current_val_accuracy":0.1483151261118019,"_step":99,"current_loss_test":1.9610223722598754,"current_test_accuracy":0.1293126529644843,"_timestamp":1.7669517129383872e+09,"current_round":99,"current_loss_train":1.962842362229898,"_wandb":{"runtime":467},"current_loss_val":1.958775713489538,"_runtime":467}