{"current_test_accuracy":0.8657619476861441,"_wandb":{"runtime":31},"_step":99,"current_loss_test":192.051955978145,"_timestamp":1.766355175483808e+09,"current_loss_train":191.7493524357217,"current_val_accuracy":0.8685470795961675,"current_round":99,"current_loss_val":192.03432531728518,"_runtime":31}