{"current_round":99,"_wandb":{"runtime":1103},"_timestamp":1.7669618134121604e+09,"_step":99,"current_loss_test":1.0328082803477212,"current_loss_train":0.07329645777737483,"_runtime":1103,"current_loss_val":1.0308207836513856,"current_test_accuracy":0.6531083574168649,"current_val_accuracy":0.670999081950079}