{"_wandb":{"runtime":117},"current_round":99,"_timestamp":1.7663074312058318e+09,"current_loss_test":1.5754623559676193,"_runtime":117,"_step":99,"current_loss_val":1.5765957192051132,"current_loss_train":0.622565840242932,"current_test_accuracy":0.3997933501702962,"current_val_accuracy":0.4002968702189591}