{"_runtime":38,"current_loss_val":1.486441707250319,"current_loss_train":1.0397549447574113,"_step":99,"current_round":99,"current_val_accuracy":0.326955971195968,"_wandb":{"runtime":38},"current_test_accuracy":0.35939539866101483,"current_loss_test":1.4437481273161739,"_timestamp":1.7669490690259278e+09}