{"_step":99,"_timestamp":1.7662695262261043e+09,"current_round":99,"current_loss_val":221.9874203671907,"_runtime":35,"current_loss_test":222.05506284814132,"current_val_accuracy":0.3218144410052298,"current_test_accuracy":0.3170792089978974,"current_loss_train":221.02651333457544,"_wandb":{"runtime":35}}