{"current_loss_test":1.0932099334929202,"current_round":99,"current_loss_val":1.0740918696983677,"current_val_accuracy":0.651210749263945,"_step":99,"_wandb":{"runtime":54},"_runtime":54,"current_loss_train":0.04832348099797471,"current_test_accuracy":0.6410913909275285,"_timestamp":1.766949301345425e+09}