{"current_round":99,"current_loss_val":1.8097807380992905,"_runtime":24,"_step":99,"_wandb":{"runtime":24},"current_test_accuracy":0.4841334790959405,"current_loss_test":1.8189326509551935,"_timestamp":1.7663072399694543e+09,"current_val_accuracy":0.47395265818850535,"current_loss_train":0.49048620004323057}