{"_timestamp":1.7669495013257082e+09,"current_round":99,"current_loss_test":1.5648529684014838,"_step":99,"current_loss_val":1.5626077631559612,"current_test_accuracy":0.40819001718356385,"current_loss_train":0.6176638927934041,"current_val_accuracy":0.39745590112419554,"_wandb":{"runtime":55},"_runtime":55}