{"_step":99,"current_test_accuracy":0.3877454652581022,"_wandb":{"runtime":14019},"current_round":99,"current_val_accuracy":0.3961962159296238,"current_loss_val":1.5350342042937213,"current_loss_test":1.5377680654844068,"_runtime":14019,"_timestamp":1.7663069560707326e+09,"current_loss_train":0.6946760223631174}