{"current_loss_train":0.6507261983187576,"_runtime":103,"current_val_accuracy":0.36234935593225115,"current_loss_test":1.651410449319764,"_wandb":{"runtime":103},"current_round":99,"_step":99,"_timestamp":1.7662700706783242e+09,"current_loss_val":1.6047810270911769,"current_test_accuracy":0.3448696014819616}