{"_timestamp":1.7669565628666108e+09,"current_loss_val":2.303956583083383,"current_round":99,"_wandb":{"runtime":281},"current_loss_test":2.2759448159510596,"current_val_accuracy":0.4231172167302838,"current_test_accuracy":0.41331040797538243,"_step":99,"_runtime":281,"current_loss_train":0.3225168744277996}