{"current_test_accuracy":0.8599655512545558,"current_val_accuracy":0.8649087845645388,"current_loss_test":0.48393177723055875,"_wandb":{"runtime":17},"current_loss_train":0.15487512105500512,"current_loss_val":0.457837456238086,"_timestamp":1.7669488720093138e+09,"_runtime":17,"current_round":99,"_step":99}