{"current_loss_test":1.1875032001608954,"current_test_accuracy":0.6562622939143308,"_wandb":{"runtime":1034},"current_val_accuracy":0.6623950754302236,"_timestamp":1.7669606981443272e+09,"current_round":99,"current_loss_val":1.176809889821898,"_step":99,"_runtime":1034,"current_loss_train":1.0427452345065005}