{"_runtime":128,"current_test_accuracy":0.3602792445080641,"current_round":99,"current_loss_val":1.4379211957203715,"current_val_accuracy":0.36208917418889475,"current_loss_test":1.4193285846867059,"_timestamp":1.7662699545291524e+09,"_step":99,"_wandb":{"runtime":128},"current_loss_train":1.0783125294666542}