{"_wandb":{"runtime":48},"current_round":99,"current_val_accuracy":0.4742086880247225,"current_loss_test":1.68575395326317,"_runtime":48,"_timestamp":1.7663073010418642e+09,"_step":99,"current_test_accuracy":0.4293175846964101,"current_loss_val":1.5598742283903615,"current_loss_train":0.5548324696997775}