{"current_loss_test":1.4148224456059306,"_runtime":51,"current_test_accuracy":0.3685009906465629,"_wandb":{"runtime":51},"current_val_accuracy":0.36260617901436565,"_step":99,"_timestamp":1.766949432873247e+09,"current_loss_train":1.07763423204422,"current_round":99,"current_loss_val":1.4337178170681}