{"_wandb":{"runtime":629},"current_loss_val":0.9637164791366374,"current_test_accuracy":0.7053015439882583,"_runtime":629,"_timestamp":1.7669578282990842e+09,"current_loss_train":0.04471059313162259,"_step":99,"current_round":99,"current_val_accuracy":0.717749302051805,"current_loss_test":0.9619017527321769}