{"current_loss_train":0.4586019579862679,"current_test_accuracy":0.35103340812714384,"current_round":99,"_runtime":816,"current_loss_test":1.9009604887005316,"current_val_accuracy":0.3851332358940321,"_wandb":{"runtime":816},"_step":99,"current_loss_val":1.9022765864810767,"_timestamp":1.766965020062776e+09}