{"current_loss_test":1.4472181228273793,"_step":99,"current_test_accuracy":0.3333686890782677,"_wandb":{"runtime":1273},"current_loss_train":1.3386532166600227,"_runtime":1273,"current_round":99,"current_loss_val":1.453882970182519,"_timestamp":1.7662293700890255e+09,"current_val_accuracy":0.32711436996522786}