{"current_test_accuracy":0.3525011585084214,"_step":99,"current_loss_val":1.43524505420735,"current_loss_test":1.4203194081469586,"current_val_accuracy":0.3504071778650224,"_runtime":26014,"current_loss_train":1.142761344439105,"current_round":99,"_wandb":{"runtime":26014},"_timestamp":1.7662694704085257e+09}