{"_runtime":6316,"current_test_accuracy":0.33123992306281735,"current_val_accuracy":0.3244924455131872,"_wandb":{"runtime":6316},"current_loss_val":1.5130281748897152,"_step":99,"_timestamp":1.7662357001745265e+09,"current_loss_train":1.0788568359927126,"current_loss_test":1.562538518089997,"current_round":99}