{"_wandb":{"runtime":52},"_runtime":52,"current_round":99,"current_val_accuracy":0.8555928511241936,"current_test_accuracy":0.859360365263178,"current_loss_val":0.4108730603235999,"_step":99,"current_loss_train":0.31521927172383,"current_loss_test":0.39583845506480086,"_timestamp":1.7669493680459938e+09}