{"_runtime":611,"current_test_accuracy":0.5315239695439309,"current_loss_test":1.2990551473201188,"_wandb":{"runtime":611},"current_round":99,"_step":99,"current_val_accuracy":0.531110934864218,"current_loss_train":1.2188807513961408,"current_loss_val":1.2832575229588743,"_timestamp":1.7669571863679473e+09}