{"current_loss_test":1.5811678124728956,"_wandb":{"runtime":16},"_step":99,"current_val_accuracy":0.32765089652994484,"current_loss_val":1.5341697188427574,"current_test_accuracy":0.3228483255593783,"_timestamp":1.76627073603329e+09,"_runtime":16,"current_round":99,"current_loss_train":0.999560185466942}