{"current_loss_val":1.41440358152515,"current_round":99,"_step":99,"current_test_accuracy":0.35815129950943775,"_runtime":420,"_timestamp":1.7662707064976013e+09,"_wandb":{"runtime":420},"current_val_accuracy":0.36469623191374917,"current_loss_train":1.0166538113041927,"current_loss_test":1.4181817560603744}