{"current_loss_test":0.5209141908264424,"_runtime":56,"current_val_accuracy":0.8450240571040353,"current_loss_val":0.5193062610187421,"_wandb":{"runtime":56},"current_test_accuracy":0.8490641161992303,"current_loss_train":0.16950174295161963,"_timestamp":1.7663554792735455e+09,"_step":99,"current_round":99}