{"_wandb":{"runtime":555},"current_loss_train":0.01963467694983675,"current_loss_test":0.4836525350804763,"_step":99,"_runtime":555,"current_test_accuracy":0.8596040386960853,"current_val_accuracy":0.8590922282986062,"current_round":99,"current_loss_val":0.4887223018267218,"_timestamp":1.7663561829141262e+09}