{"current_test_accuracy":0.8545420325656966,"current_loss_train":0.23402626626920936,"current_loss_val":0.3834706427220635,"_step":99,"current_round":99,"current_val_accuracy":0.8548080989033181,"current_loss_test":0.3773573647241548,"_wandb":{"runtime":299},"_runtime":299,"_timestamp":1.766958699139019e+09}