{"current_val_accuracy":0.33403378621037627,"current_loss_train":1.2769725987158325,"_timestamp":1.7669478151798482e+09,"_wandb":{"runtime":558},"current_loss_test":1.4305337649113254,"current_round":99,"current_test_accuracy":0.3281543076684964,"_step":99,"_runtime":558,"current_loss_val":1.434435468488618}