{"_step":99,"current_test_accuracy":0.6164481119682024,"_wandb":{"runtime":1580},"current_loss_val":1.2590997667854231,"current_val_accuracy":0.6166780530757675,"current_round":99,"current_loss_test":1.2597290392425464,"_runtime":1580,"current_loss_train":1.0456726518245614,"_timestamp":1.7669666134624999e+09}