{"current_loss_train":1.0806278468276325,"current_test_accuracy":0.36697101409816535,"current_val_accuracy":0.35837414313758653,"_timestamp":1.766270844429965e+09,"current_round":99,"current_loss_val":1.429891800911803,"_wandb":{"runtime":54},"current_loss_test":1.414649478495121,"_step":99,"_runtime":54}